<?xml version="1.0" encoding="UTF-8"?>
<project-private xmlns="http://www.netbeans.org/ns/project-private/1">
    <editor-bookmarks xmlns="http://www.netbeans.org/ns/editor-bookmarks/2" lastBookmarkId="0"/>
    <open-files xmlns="http://www.netbeans.org/ns/projectui-open-files/2">
        <group name="Campus"/>
        <group name="Thogakade RMI">
            <file>file:/D:/Indrustrial%20Traning%20-%202016/Class/4%20-%20Design%20Pattern/RMI/ThogaKade%20RMI-03/ThogakadeClient/src/lk/ijse/thogakade/views/CustomerForm.java</file>
            <file>file:/D:/Indrustrial%20Traning%20-%202016/Class/4%20-%20Design%20Pattern/RMI/ThogaKade%20RMI-03/ThogakadeClient/src/lk/ijse/thogakade/controller/custom/CustomerController.java</file>
        </group>
        <group>
            <file>file:/D:/Training/IJSE/JINADI/ThogakadeClient/src/lk/ijse/thogakade/views/CustomerForm.java</file>
        </group>
    </open-files>
</project-private>
